{"0": {"syllables": 4, "senti": 0.5, "word_vec": [[0.8578855913387577, 0.43567212081511975, -0.2724373603561114], [0.9825768706413579, 0.05175373243869175, -0.17850558663330554], [0.9399368808476682, 0.33563830606219996, -0.062173849213745025], [-0.937254863444517, -0.34834639115795724, -0.014426112325475818]], "sent_vec": [0.9959597923198767, -0.08773115355083885, 0.019166031899883623], "sentence": "this is a domo", "sentence_length": 4, "noun": 1, "verb": 1}, "1": {"syllables": 7, "senti": 0.9, "word_vec": [[-0.1224664119642554, 0.0871374703702106, -0.9886399947392792], [-0.690373638957906, -0.7008857276267085, -0.179285904189923], [-0.7489081135324493, -0.37974054122367573, -0.5430780412025676], [0.7201372508924453, 0.6923286985627207, 0.045643323975371665], [0.2774455199759267, 0.9001864777036592, 0.33569076365721906], [0.6932401655209579, -0.17822675134581886, -0.6983217725470047], [0.6223556819718652, 0.7599230861154178, 0.18759080016395704]], "sent_vec": [0.13886386766965236, 0.9746676040134301, 0.17532794398653306], "sentence": "i am happy to meet you today", "sentence_length": 7, "noun": 2, "verb": 2}, "2": {"syllables": 9, "senti": 1.0, "word_vec": [[-0.1224664119642554, 0.0871374703702106, -0.9886399947392792], [-0.6493078146645732, 0.5267558882126299, 0.5485686794275076], [0.7201372508924453, 0.6923286985627207, 0.045643323975371665], [0.5660371325179099, 0.7759578152154674, 0.27837283203815144], [-0.8121086988581435, -0.1943475739993878, 0.5501894961915262], [0.8445729041948407, 0.444423856230493, 0.29863697948028906], [-0.3515241476812167, -0.23412298652206212, -0.9064310237293207], [0.6564286363482744, 0.13758869964204004, -0.7417349898129099], [-0.8356036523633259, -0.08357171734577017, -0.542938582361715]], "sent_vec": [-0.8916486764117253, -0.4452784632911229, 0.08179075731593577], "sentence": "i went to the museum with my best friend", "sentence_length": 9, "noun": 2, "verb": 1}, "3": {"syllables": 7, "senti": 0.925, "word_vec": [[0.9023737048408308, 0.425877613560213, -0.06595418925353591], [0.9825768706413579, 0.05175373243869175, -0.17850558663330554], [0.9399368808476682, 0.33563830606219996, -0.062173849213745025], [-0.3501266459221503, -0.7196795199741084, -0.5995604392762601], [-0.21012141578013835, 0.8027560505814133, 0.5580606722261314], [0.8470595114771066, 0.5224386327189543, 0.09771417020532398], [-0.389075072533212, -0.6010179967712677, -0.6981389227727733]], "sent_vec": [-0.1601836035738476, -0.6181071559273247, 0.7696003878231419], "sentence": "it is a beautiful day for me", "sentence_length": 7, "noun": 1, "verb": 1}, "4": {"syllables": 7, "senti": 0.35416666666666663, "word_vec": [[-0.1224664119642554, 0.0871374703702106, -0.9886399947392792], [-0.690373638957906, -0.7008857276267085, -0.179285904189923], [0.5562026108571615, 0.6673977058819853, 0.4951958782735775], [0.7421680775906714, 0.4822005435904768, 0.46547736826446867], [0.9399368808476682, 0.33563830606219996, -0.062173849213745025], [0.9396578995559424, -0.33485520831086274, 0.07010721267603752], [-0.21012141578013835, 0.8027560505814133, 0.5580606722261314]], "sent_vec": [-0.5937674839913102, -0.7921262058303866, -0.14133735879584414], "sentence": "i am going through a hard day", "sentence_length": 7, "noun": 2, "verb": 2}, "5": {"syllables": 11, "senti": 0.625, "word_vec": [[0.904635642604412, 0.36518651862188317, -0.21971153985744976], [0.7871294443003168, 0.574456863076429, -0.22455856781664624], [0.2070815323897421, 0.9448530811799917, -0.2537122266028824], [0.99421100807779, 0.10004613135942586, 0.03918217728709435], [0.5135739150327887, 0.21233630020866542, 0.8313574017302002], [0.4725501215931412, 0.8377362792168672, 0.27366824636078374], [-0.1224664119642554, 0.0871374703702106, -0.9886399947392792], [0.9846086545979116, -0.12321663949386513, -0.12394941324076238], [0.793139328470923, 0.5051209481291865, -0.34026876640938547], [0.16964631904063543, -0.18908826842654738, 0.967194785541885], [0.7070337134779696, 0.06749543022570703, -0.703951486186512]], "sent_vec": [-0.8030856667755265, -0.4837370683323657, -0.3479250789191781], "sentence": "too many dealings are approaching and i can not finish everything", "sentence_length": 11, "noun": 3, "verb": 4}}