{"0": {"syllables": 4, "senti": 0.5, "sent_vec": [0.9959597923198767, -0.08773115355083885, 0.019166031899883623], "sentence": "this is a domo", "sentence_length": 4, "noun": 1, "verb": 1}, "1": {"syllables": 7, "senti": 0.9, "sent_vec": [0.13886386766965236, 0.9746676040134301, 0.17532794398653306], "sentence": "i am happy to meet you today", "sentence_length": 7, "noun": 2, "verb": 2}, "2": {"syllables": 9, "senti": 1.0, "sent_vec": [-0.8916486764117253, -0.4452784632911229, 0.08179075731593577], "sentence": "i went to the museum with my best friend", "sentence_length": 9, "noun": 2, "verb": 1}, "3": {"syllables": 7, "senti": 0.925, "sent_vec": [-0.1601836035738476, -0.6181071559273247, 0.7696003878231419], "sentence": "it is a beautiful day for me", "sentence_length": 7, "noun": 1, "verb": 1}}